{
  "alpha 1": "a1",
  "alpha 2": "a2",
  "alpha 3": "a3",
  "alpha 4": "a4",
  "alpha 5": "a5",
  "alpha 6": "a6",
  "alpha 7": "a7",
  "alpha 8": "a8",
  "bravo 1": "b1",
  "bravo 2": "b2",
  "bravo 3": "b3",
  "bravo 4": "b4",
  "bravo 5": "b5",
  "bravo 6": "b6",
  "bravo 7": "b7",
  "bravo 8": "b8",
  "charlie 1": "c1",
  "charlie 2": "c2",
  "charlie 3": "c3",
  "charlie 4": "c4",
  "charlie 5": "c5",
  "charlie 6": "c6",
  "charlie 7": "c7",
  "charlie 8": "c8",
  "delta 1": "d1",
  "delta 2": "d2",
  "delta 3": "d3",
  "delta 4": "d4",
  "delta 5": "d5",
  "delta 6": "d6",
  "delta 7": "d7",
  "delta 8": "d8",
  "echo 1": "e1",
  "echo 2": "e2",
  "echo 3": "e3",
  "echo 4": "e4",
  "echo 5": "e5",
  "echo 6": "e6",
  "echo 7": "e7",
  "echo 8": "e8",
  "foxtrot 1": "f1",
  "foxtrot 2": "f2",
  "foxtrot 3": "f3",
  "foxtrot 4": "f4",
  "foxtrot 5": "f5",
  "foxtrot 6": "f6",
  "foxtrot 7": "f7",
  "foxtrot 8": "f8",
  "golf 1": "g1",
  "golf 2": "g2",
  "golf 3": "g3",
  "golf 4": "g4",
  "golf 5": "g5",
  "golf 6": "g6",
  "golf 7": "g7",
  "golf 8": "g8",
  "hotel 1": "h1",
  "hotel 2": "h2",
  "hotel 3": "h3",
  "hotel 4": "h4",
  "hotel 5": "h5",
  "hotel 6": "h6",
  "hotel 7": "h7",
  "hotel 8": "h8"
}
